[
  {
    "card_id": 1,
    "name": "Шут",
    "type": "Старший аркан",
    "general_idea": "Новые начинания, спонтанность, свобода, вера, безрассудство.",
    "significator": "Человек, полный энергии и энтузиазма, готовый к новым приключениям без страха и сомнений."
  },
  {
    "card_id": 2,
    "name": "Маг",
    "type": "Старший аркан",
    "general_idea": "Воля, мастерство, уверенность, проявление, ресурсность.",
    "significator": "Умелый и решительный человек, способный использовать свои навыки и ресурсы для достижения целей."
  },
  {
    "card_id": 3,
    "name": "Верховная Жрица",
    "type": "Старший аркан",
    "general_idea": "Интуиция, тайны, подсознание, духовность, мудрость.",
    "significator": "Мудрая и интуитивная личность, глубоко понимающая скрытые аспекты жизни."
  },
  {
    "card_id": 4,
    "name": "Императрица",
    "type": "Старший аркан",
    "general_idea": "Плодородие, изобилие, природа, творчество, материнство.",
    "significator": "Женщина, олицетворяющая заботу, любовь и творческую энергию, связанная с землей и природой."
  },
  {
    "card_id": 5,
    "name": "Император",
    "type": "Старший аркан",
    "general_idea": "Власть, структура, контроль, руководство, стабильность.",
    "significator": "Властный и ответственный лидер, обеспечивающий порядок и стабильность, символ отцовской фигуры."
  },
  {
    "card_id": 6,
    "name": "Жрец",
    "type": "Старший аркан",
    "general_idea": "Традиции, духовность, наставничество, обучение, вера.",
    "significator": "Человек, придерживающийся традиций и стремящийся к духовному росту, часто выступающий в роли учителя или наставника."
  },
  {
    "card_id": 7,
    "name": "Влюбленные",
    "type": "Старший аркан",
    "general_idea": "Любовь, партнерство, выбор, гармония, привязанность.",
    "significator": "Личность, стоящая перед важным выбором, связанная с отношениями и эмоциональными связями."
  },
  {
    "card_id": 8,
    "name": "Колесница",
    "type": "Старший аркан",
    "general_idea": "Уверенность, победа, движение вперед, сила воли, путешествие.",
    "significator": "Решительный человек, стремящийся к цели и готовый преодолевать препятствия на своем пути."
  },
  {
    "card_id": 9,
    "name": "Сила",
    "type": "Старший аркан",
    "general_idea": "Мужество, стойкость, внутренняя сила, сострадание, терпение.",
    "significator": "Личность с внутренней силой и состраданием, способная преодолевать трудности благодаря характеру."
  },
  {
    "card_id": 10,
    "name": "Отшельник",
    "type": "Старший аркан",
    "general_idea": "Поиск, одиночество, мудрость, самоанализ, духовный путь.",
    "significator": "Человек, ищущий ответы внутри себя, предпочитающий уединение для обретения мудрости."
  },
  {
    "card_id": 11,
    "name": "Колесо Фортуны",
    "type": "Старший аркан",
    "general_idea": "Изменения, судьба, цикл, карма, поворот событий.",
    "significator": "Личность, переживающая важные изменения в жизни, принимающая судьбоносные решения."
  },
  {
    "card_id": 12,
    "name": "Справедливость",
    "type": "Старший аркан",
    "general_idea": "Баланс, честность, правда, закон, ответственность.",
    "significator": "Человек, стремящийся к справедливости и равновесию, ценящий правду и честность."
  },
  {
    "card_id": 13,
    "name": "Повешенный",
    "type": "Старший аркан",
    "general_idea": "Жертва, пауза, новый взгляд, отпускание, принятие.",
    "significator": "Личность, готовая пожертвовать чем-то во имя большего блага, смотрящая на ситуацию под другим углом."
  },
  {
    "card_id": 14,
    "name": "Смерть",
    "type": "Старший аркан",
    "general_idea": "Трансформация, конец, переход, возрождение, изменения.",
    "significator": "Человек, переживающий глубокие изменения и трансформации, оставляющий прошлое позади."
  },
  {
    "card_id": 15,
    "name": "Умеренность",
    "type": "Старший аркан",
    "general_idea": "Баланс, гармония, терпение, умеренность, синтез.",
    "significator": "Личность, стремящаяся к гармонии и умеренности, умеющая сочетать противоположности."
  },
  {
    "card_id": 16,
    "name": "Дьявол",
    "type": "Старший аркан",
    "general_idea": "Привязанности, искушения, ограничения, материализм, тень.",
    "significator": "Человек, столкнувшийся с внутренними искушениями или зависимостями, испытывающий внутренние конфликты."
  },
  {
    "card_id": 17,
    "name": "Башня",
    "type": "Старший аркан",
    "general_idea": "Кризис, разрушение, неожиданные изменения, освобождение, потрясение.",
    "significator": "Личность, переживающая внезапные и кардинальные перемены, ведущие к освобождению."
  },
  {
    "card_id": 18,
    "name": "Звезда",
    "type": "Старший аркан",
    "general_idea": "Надежда, вдохновение, исцеление, вера, обновление.",
    "significator": "Человек, полный надежд и вдохновения, верящий в лучшее и стремящийся к обновлению."
  },
  {
    "card_id": 19,
    "name": "Луна",
    "type": "Старший аркан",
    "general_idea": "Иллюзии, интуиция, страхи, подсознание, сны.",
    "significator": "Личность, погруженная в мир подсознания и эмоций, испытывающая неопределенность и сомнения."
  },
  {
    "card_id": 20,
    "name": "Солнце",
    "type": "Старший аркан",
    "general_idea": "Радость, успех, просветление, уверенность, жизненная сила.",
    "significator": "Оптимистичный и энергичный человек, испытавший просветление и наслаждающийся жизнью."
  },
  {
    "card_id": 21,
    "name": "Суд",
    "type": "Старший аркан",
    "general_idea": "Возрождение, призвание, пробуждение, решение, прощение.",
    "significator": "Личность, осознающая свое призвание, готовая к новым начинаниям и прощению."
  },
  {
    "card_id": 22,
    "name": "Мир",
    "type": "Старший аркан",
    "general_idea": "Завершение, целостность, выполнение, единство, путешествия.",
    "significator": "Человек, достигший цели, ощущающий гармонию с собой и миром, готовый к новым рубежам."
  },
  {
    "card_id": 23,
    "name": "Туз Жезлов",
    "type": "Обычная карта",
    "general_idea": "Новые начинания, вдохновение, творческая энергия, потенциал."
  },
  {
    "card_id": 24,
    "name": "Двойка Жезлов",
    "type": "Обычная карта",
    "general_idea": "Планирование, принятие решений, перспективы, ожидание."
  },
  {
    "card_id": 25,
    "name": "Тройка Жезлов",
    "type": "Обычная карта",
    "general_idea": "Расширение, исследования, лидерство, предприимчивость."
  },
  {
    "card_id": 26,
    "name": "Четверка Жезлов",
    "type": "Обычная карта",
    "general_idea": "Празднование, гармония, домашний уют, достижение."
  },
  {
    "card_id": 27,
    "name": "Пятерка Жезлов",
    "type": "Обычная карта",
    "general_idea": "Конфликт, борьба, соревнование, напряжение."
  },
  {
    "card_id": 28,
    "name": "Шестерка Жезлов",
    "type": "Обычная карта",
    "general_idea": "Победа, признание, успех, триумф."
  },
  {
    "card_id": 29,
    "name": "Семерка Жезлов",
    "type": "Обычная карта",
    "general_idea": "Защита, отстаивание позиций, сопротивление, смелость."
  },
  {
    "card_id": 30,
    "name": "Восьмерка Жезлов",
    "type": "Обычная карта",
    "general_idea": "Быстрые действия, движение, сообщение, прогресс."
  },
  {
    "card_id": 31,
    "name": "Девятка Жезлов",
    "type": "Обычная карта",
    "general_idea": "Упорство, настойчивость, испытания, границы."
  },
  {
    "card_id": 32,
    "name": "Десятка Жезлов",
    "type": "Обычная карта",
    "general_idea": "Бремя, ответственность, нагрузка, завершение."
  },
  {
    "card_id": 33,
    "name": "Паж Жезлов",
    "type": "Придворная карта",
    "general_idea": "Новаторство, энтузиазм, исследования, новости.",
    "significator": "Молодой человек, полный энергии и страсти, готовый исследовать новые пути.",
    "zodiac_sign": [
      "Овен",
      "Лев",
      "Стрелец"
    ],
    "age": [
      10,
      25
    ]
  },
  {
    "card_id": 34,
    "name": "Рыцарь Жезлов",
    "type": "Придворная карта",
    "general_idea": "Приключения, стремление, импульсивность, смелость.",
    "significator": "Активный и решительный человек среднего возраста, готовый к действиям и риска.",
    "zodiac_sign": [
      "Овен",
      "Лев",
      "Стрелец"
    ],
    "age": [
      25,
      45
    ]
  },
  {
    "card_id": 35,
    "name": "Королева Жезлов",
    "type": "Придворная карта",
    "general_idea": "Теплота, независимость, уверенность, страсть.",
    "significator": "Уверенная в себе женщина старше 25 лет, излучающая энергию и харизму.",
    "zodiac_sign": [
      "Овен",
      "Лев",
      "Стрелец"
    ],
    "age": [
      25,
      65
    ]
  },
  {
    "card_id": 36,
    "name": "Король Жезлов",
    "type": "Придворная карта",
    "general_idea": "Лидерство, видение, предпринимательство, честь.",
    "significator": "Мужчина старше 35 лет, обладающий лидерскими качествами и стремящийся к достижению целей.",
    "zodiac_sign": [
      "Овен",
      "Лев",
      "Стрелец"
    ],
    "age": [
      35,
      65
    ]
  },
  {
    "card_id": 37,
    "name": "Туз Кубков",
    "type": "Обычная карта",
    "general_idea": "Любовь, новые эмоции, отношения, духовность."
  },
  {
    "card_id": 38,
    "name": "Двойка Кубков",
    "type": "Обычная карта",
    "general_idea": "Партнерство, союз, гармония, баланс."
  },
  {
    "card_id": 39,
    "name": "Тройка Кубков",
    "type": "Обычная карта",
    "general_idea": "Празднование, дружба, творчество, сообщества."
  },
  {
    "card_id": 40,
    "name": "Четверка Кубков",
    "type": "Обычная карта",
    "general_idea": "Аппатия, размышления, недовольство, скука."
  },
  {
    "card_id": 41,
    "name": "Пятерка Кубков",
    "type": "Обычная карта",
    "general_idea": "Потеря, сожаление, печаль, разочарование."
  },
  {
    "card_id": 42,
    "name": "Шестерка Кубков",
    "type": "Обычная карта",
    "general_idea": "Ностальгия, воспоминания, детство, прошлое."
  },
  {
    "card_id": 43,
    "name": "Семерка Кубков",
    "type": "Обычная карта",
    "general_idea": "Фантазии, выборы, иллюзии, мечты."
  },
  {
    "card_id": 44,
    "name": "Восьмерка Кубков",
    "type": "Обычная карта",
    "general_idea": "Отпускание, поиск, уход, переоценка."
  },
  {
    "card_id": 45,
    "name": "Девятка Кубков",
    "type": "Обычная карта",
    "general_idea": "Удовлетворение, наслаждение, наслаждение, исполнение желаний."
  },
  {
    "card_id": 46,
    "name": "Десятка Кубков",
    "type": "Обычная карта",
    "general_idea": "Счастье, гармония, семейное благополучие, исполнение."
  },
  {
    "card_id": 47,
    "name": "Паж Кубков",
    "type": "Придворная карта",
    "general_idea": "Интуиция, творчество, эмоции, новые чувства.",
    "significator": "Молодой человек, чувствительный и творческий, открытый новым эмоциям и интуитивным прозрениям.",
    "zodiac_sign": [
      "Рак",
      "Скорпион",
      "Рыбы"
    ],
    "age": [
      10,
      25
    ]
  },
  {
    "card_id": 48,
    "name": "Рыцарь Кубков",
    "type": "Придворная карта",
    "general_idea": "Романтика, предложение, идеализм, следование сердцу.",
    "significator": "Романтичный и эмоциональный человек среднего возраста, руководствующийся чувствами и интуицией.",
    "zodiac_sign": [
      "Рак",
      "Скорпион",
      "Рыбы"
    ],
    "age": [
      25,
      45
    ]
  },
  {
    "card_id": 49,
    "name": "Королева Кубков",
    "type": "Придворная карта",
    "general_idea": "Сострадание, забота, интуиция, эмоциональная глубина.",
    "significator": "Женщина старше 25 лет, глубоко чувствующая и понимающая других, обладающая сильной интуицией.",
    "zodiac_sign": [
      "Рак",
      "Скорпион",
      "Рыбы"
    ],
    "age": [
      25,
      65
    ]
  },
  {
    "card_id": 50,
    "name": "Король Кубков",
    "type": "Придворная карта",
    "general_idea": "Мудрость, баланс эмоций, дипломатичность, сострадание.",
    "significator": "Мужчина старше 35 лет, умеющий управлять своими эмоциями и поддерживать других.",
    "zodiac_sign": [
      "Рак",
      "Скорпион",
      "Рыбы"
    ],
    "age": [
      35,
      65
    ]
  },
  {
    "card_id": 51,
    "name": "Туз Мечей",
    "type": "Обычная карта",
    "general_idea": "Ясность, новые идеи, умственная сила, истина."
  },
  {
    "card_id": 52,
    "name": "Двойка Мечей",
    "type": "Обычная карта",
    "general_idea": "Беспокойство, выбор, неопределенность, баланс."
  },
  {
    "card_id": 53,
    "name": "Тройка Мечей",
    "type": "Обычная карта",
    "general_idea": "Боль, разбитое сердце, предательство, печаль."
  },
  {
    "card_id": 54,
    "name": "Четверка Мечей",
    "type": "Обычная карта",
    "general_idea": "Отдых, восстановление, медитация, восстановление сил."
  },
  {
    "card_id": 55,
    "name": "Пятерка Мечей",
    "type": "Обычная карта",
    "general_idea": "Конфликт, поражение, напряжение, победа любой ценой."
  },
  {
    "card_id": 56,
    "name": "Шестерка Мечей",
    "type": "Обычная карта",
    "general_idea": "Переход, перемены, движение вперед, освобождение."
  },
  {
    "card_id": 57,
    "name": "Семерка Мечей",
    "type": "Обычная карта",
    "general_idea": "Обман, хитрость, стратегия, уловка."
  },
  {
    "card_id": 58,
    "name": "Восьмерка Мечей",
    "type": "Обычная карта",
    "general_idea": "Ограничения, страх, чувство ловушки, беспомощность."
  },
  {
    "card_id": 59,
    "name": "Девятка Мечей",
    "type": "Обычная карта",
    "general_idea": "Тревога, беспокойство, депрессия, кошмары."
  },
  {
    "card_id": 60,
    "name": "Десятка Мечей",
    "type": "Обычная карта",
    "general_idea": "Конец, поражение, боль, окончание цикла."
  },
  {
    "card_id": 61,
    "name": "Паж Мечей",
    "type": "Придворная карта",
    "general_idea": "Любознательность, интеллект, новые идеи, наблюдательность.",
    "significator": "Молодой человек, острый на ум и любопытный, стремящийся к знаниям и пониманию.",
    "zodiac_sign": [
      "Близнецы",
      "Весы",
      "Водолей"
    ],
    "age": [
      10,
      25
    ]
  },
  {
    "card_id": 62,
    "name": "Рыцарь Мечей",
    "type": "Придворная карта",
    "general_idea": "Действие, амбиции, спешка, решительность.",
    "significator": "Энергичный и целеустремленный человек среднего возраста, готовый быстро действовать и принимать решения.",
    "zodiac_sign": [
      "Близнецы",
      "Весы",
      "Водолей"
    ],
    "age": [
      25,
      45
    ]
  },
  {
    "card_id": 63,
    "name": "Королева Мечей",
    "type": "Придворная карта",
    "general_idea": "Независимость, честность, интеллект, проницательность.",
    "significator": "Женщина старше 25 лет, рациональная и независимая, ценящая истину и справедливость.",
    "zodiac_sign": [
      "Близнецы",
      "Весы",
      "Водолей"
    ],
    "age": [
      25,
      65
    ]
  },
  {
    "card_id": 64,
    "name": "Король Мечей",
    "type": "Придворная карта",
    "general_idea": "Мудрость, авторитет, аналитичность, справедливость.",
    "significator": "Мужчина старше 35 лет, логичный и справедливый, обладающий властью и умом.",
    "zodiac_sign": [
      "Близнецы",
      "Весы",
      "Водолей"
    ],
    "age": [
      35,
      65
    ]
  },
  {
    "card_id": 65,
    "name": "Туз Пентаклей",
    "type": "Обычная карта",
    "general_idea": "Новые возможности, материальный успех, изобилие, проявление."
  },
  {
    "card_id": 66,
    "name": "Двойка Пентаклей",
    "type": "Обычная карта",
    "general_idea": "Баланс, адаптация, многозадачность, гибкость."
  },
  {
    "card_id": 67,
    "name": "Тройка Пентаклей",
    "type": "Обычная карта",
    "general_idea": "Сотрудничество, мастерство, обучение, качество работы."
  },
  {
    "card_id": 68,
    "name": "Четверка Пентаклей",
    "type": "Обычная карта",
    "general_idea": "Сохранение, контроль, стабильность, осторожность."
  },
  {
    "card_id": 69,
    "name": "Пятерка Пентаклей",
    "type": "Обычная карта",
    "general_idea": "Бедность, трудности, изоляция, потеря."
  },
  {
    "card_id": 70,
    "name": "Шестерка Пентаклей",
    "type": "Обычная карта",
    "general_idea": "Щедрость, помощь, баланс, благотворительность."
  },
  {
    "card_id": 71,
    "name": "Семерка Пентаклей",
    "type": "Обычная карта",
    "general_idea": "Терпение, вложения, оценка, рост."
  },
  {
    "card_id": 72,
    "name": "Восьмерка Пентаклей",
    "type": "Обычная карта",
    "general_idea": "Усердие, мастерство, совершенствование, внимание к деталям."
  },
  {
    "card_id": 73,
    "name": "Девятка Пентаклей",
    "type": "Обычная карта",
    "general_idea": "Изобилие, роскошь, самостоятельность, безопасность."
  },
  {
    "card_id": 74,
    "name": "Десятка Пентаклей",
    "type": "Обычная карта",
    "general_idea": "Наследие, богатство, семья, традиции."
  },
  {
    "card_id": 75,
    "name": "Паж Пентаклей",
    "type": "Придворная карта",
    "general_idea": "Проявление, обучение, новые возможности, развитие.",
    "significator": "Молодой человек, стремящийся к новым знаниям и материальному благополучию.",
    "zodiac_sign": [
      "Телец",
      "Дева",
      "Козерог"
    ],
    "age": [
      10,
      25
    ]
  },
  {
    "card_id": 76,
    "name": "Рыцарь Пентаклей",
    "type": "Придворная карта",
    "general_idea": "Надежность, упорство, методичность, практичность.",
    "significator": "Трудолюбивый и преданный делу человек среднего возраста, ценящий стабильность и последовательность.",
    "zodiac_sign": [
      "Телец",
      "Дева",
      "Козерог"
    ],
    "age": [
      25,
      45
    ]
  },
  {
    "card_id": 77,
    "name": "Королева Пентаклей",
    "type": "Придворная карта",
    "general_idea": "Забота, щедрость, практичность, чувственность.",
    "significator": "Женщина старше 25 лет, заботливая и практичная, обеспечивающая комфорт и стабильность.",
    "zodiac_sign": [
      "Телец",
      "Дева",
      "Козерог"
    ],
    "age": [
      25,
      65
    ]
  },
  {
    "card_id": 78,
    "name": "Король Пентаклей",
    "type": "Придворная карта",
    "general_idea": "Изобилие, безопасность, опыт, дисциплина.",
    "significator": "Мужчина старше 35 лет, успешный и опытный, ценящий надежность и материальное благосостояние.",
    "zodiac_sign": [
      "Телец",
      "Дева",
      "Козерог"
    ],
    "age": [
      35,
      65
    ]
  }
]
